mo,total_calls,answered_calls,contact_rate_pct,dispositions,ptps_created,ptp_rate_pct,kept,broken,ptp_kept_rate_pct,recovered_gross,reversed_amt,recovered_net,n_success,accounts_touched,recovery_per_account,agent_hours,recovery_per_agent_hour
2025-12-01 00:00:00,1,0,0.0,,,,,,,,,,,1,,,
2026-01-01 00:00:00,12683,2543,20.05,4978,2522,50.66,607,644,48.52,187229127.58999977,11631225.059999997,175597902.53,2464,19292,9705.01,11162.216666666667,16773.47
2026-02-01 00:00:00,11570,2279,19.7,4458,2220,49.8,567,551,50.72,170142453.75999978,11477682.670000004,158664771.09,2268,18259,9318.28,10556.966666666667,16116.6
2026-03-01 00:00:00,12844,2567,19.99,4888,2509,51.33,619,629,49.6,188912374.01999983,14364454.850000003,174547919.17,2524,19333,9771.5,11130.683333333332,16972.22
2026-04-01 00:00:00,12240,2362,19.3,4792,2492,52.0,629,627,50.08,175138043.40999934,13327361.410000017,161810682.0,2406,18879,9276.87,10619.95,16491.42
2026-05-01 00:00:00,12746,2592,20.34,4980,2507,50.34,634,652,49.3,184250278.5000004,12690920.440000001,171559358.06,2449,19406,9494.5,10833.083333333334,17008.11
2026-06-01 00:00:00,12128,2474,20.4,4821,2439,50.59,602,616,49.43,175559726.96999976,12949477.350000005,162610249.62,2366,18847,9315.0,10702.883333333333,16403.03
2026-07-01 00:00:00,12578,2433,19.34,4865,2626,53.98,645,668,49.12,187242265.08000016,15266393.460000005,171975871.62,2441,19356,9673.6,11179.983333333334,16747.99
2026-08-01 00:00:00,3210,630,19.63,1218,685,56.24,186,166,52.84,47109695.31000001,2959050.67,44150644.64,616,6921,6806.78,2683.55,17554.99
